1364987493,11 OZ,LA ESPIGA SEMAS,0.435402007
25804124189,MENS,BRTN MENS BEACH COMBERS 8,0.233049908
11160100509,4.75Z,GU OLIVE STUFF QUEEN PLACED,0.012153635
25293000490,10oz,White Wave Silk Live Mango,0.564057802
1917581,5 lb,HANS.KISSLE SWEDISH MEATBALLS*,0.510747256
7040371534,132 CT,**SHPR F MCC BLCK PEPPER PPK 4.00 OZ,0.105392819
11661350441,cassette,LONE RANGER - ON THE OTHER SIDE OF DUB,0.212244583
21500000666,6 oz,Lawry's Garlic Spread Ready To Spread,0.027896496
21331109477,,Iconcepts wireless PDA Keyboard,0.43453276
14397311007,1 ct,VIEW MASTER K-CHAIN,0.642725786
19600921301,6.80 OZ,*VDK LEMON BUTTER FILLETS    *,0.37454098
18111242295,DVD,Canterville Ghost (UNK),0.058739533
25942060004,,Roseanne - The Collector's Edition (Trouble),0.732370951
26674060003,,"Magnum, p.i. Collector's Edition: The Write Stuff",0.83756175
26634501935,,BP30647-26D 1-1/4 KNOB,0.130616936
11168260120,100 ct,*LADY DIANE FLEX STRAWS,0.832095047
11134030504,9lb.,Pops Rite Pop Corn,0.036238325
27200728961,200 ct,NYC CAPRI NMEN 120 BX LT LIP,0.078914076
10995000664,5.5 oz,FRDS L/F LEMON POPPY MUFFIN,0.633264858
16581225022,CD,FULL FORCE - STILL STANDING PART 1,0.802247066
28000008222,64 oz,Juicy Juice Grape,0.400893489
25600000847,2.625oz,Tastykake PB&J Krimpets,0.387382149
12502613220,,Brother PTouch-1280 Labeling System,0.069301463
40405728,12Z,FOAM CUPS,0.846826282
8236034806,20 screws,"Hillman wood screws, steel 8 x 0.5 inch , round head, slotted",0.175164008
55284844,24 ct,HOPES PEANUT BUTTER COOKIES,0.422760229
23034086130,,Wireless MP3 & WMA player with SD & USB slots,0.691247681
503246004,3.12 OZ,MORTON SALT SUB PLAIN,0.341641447
21300191700,14.5 Oz,Libby's Tomatoes Diced Fire Roasted,0.002792349
15000021061,JC,Gerber Juice 100% Tropical Fruit Blend,0.295889814
11113742428,4 Z,C/UP RED GEL REG,0.485736976
18397008639,8-8FL oz bottle,Juice X fruit drink,0.072606428
15878420904,32 oz,LOTY MANZANILLA,0.472640427
11585944573,EACH,NIGHT DRIVING GLASSES,0.518144651
22473451684,,Geographics 50 Envelopes Parchment Natural,0.886414609
11110877789,,Kro Fz Grape Juice,0.152370162
25000026454,64 fl oz,Minute Maid Premium Fruit Punch,0.920433674
62883023,CASE,BC CK209 SM SOLDIER CAKE KIT,0.071239219
18894004165,11.50 OZ,BY MIXED NUTS W/ PEANUTS,0.294534575
27300121563,1 lb,*ESSKAY N/C LIVERWURST,0.439323083
11170040444,18 oz,LUCKY QUICK OATS,0.829082512
28000205409,12 ct,*I/O NSTL NESQK MLK CHC BNNY 5.50 OZ,0.776621176
18273581249,1 ct,CAT CRAFT 2-STORY CONDO,0.712650449
18894158899,10 ct,*BY NY SH W CHED 15889 16.00 OZ,0.270881528
9200010406,1 ct,1989 EASTER STICKERS,0.839125272
13023228597,DVD,Gungrave - Beyond the Grave (Vol. 1) + Series Box,0.71342583
23700420022,64 oz,*TYSN IQF SPLT/BRST      M   *,0.910732076
2805948,LB,C.PRIDE HEARTS & GIZZARDS,0.55654984
11205074413,,RBO COOKIES,0.591314024
4000002088,15.00 CT,PM TALL KITCHEN LEMON105847,0.426211888
16351631091,DVD,Jazz Scene USA: Cannonball Adderley & Teddy Edwards,0.363761169
25215669606,,dvd-r discs,0.064955566
16861962227,CD,King Diamond: Abigail,0.375652862
9204065,,LABEL FLORAL $ 1.99,0.64576562
24543714897,Video Disc,"Man Called Horse, A",0.27973251
12333002675,,"TAPE INVISIBLE 3/4"" x 300""",0.941762354
28400048835,3.25oz,Cheetos Jumbo Puffs,0.529989212
12547639667,1.50 OZ,EFFERDENT EFFERGRIP CREAM,0.620979274
23100211909,38.80 LB,PEDIGREE SMLL CRUNCH BITES,0.4088708
13000799300,12Z,HEINZ COUNTRY GRAVY,0.938163276
14000009024,1 gal,BORDEN STRAW DRINK,0.096872642
1115791395,12/24 OZ,MRS BUTTERWORTH SYRUP,0.063871162
11110199829,2 oz,JUMBO PEANUT BUTTER COOKIE,0.788074497
11161161325,15Z,SFINE BERRY CRISP CR,0.920125227
23100291635,50 ct,MOD PEDIGREE LG BRD & SCB SHP 1.00 CT,0.707312192
24034698293,,1 LIGHT WL-MOTION CPR PAT W/HONEY ART GL ( 2 units),0.983616834
17816349810,,602002 234LT AMERICAN FLAG SET,0.883259302
14842014255,EACH,LILY BOUQUET            PK1425,0.650995806
11205604610,6.00 FO,*BY OIL FREE ACNE WASH,0.817235504
14657899221,,BINACA,0.897031731
22506421752,25.4 fl oz (750 ml),Spectrum Organic Extra Virgin Olive Oil,0.297390395
2072654,LB,HOR CHOPPED HAM,0.893440899
25325120271,EACH,AR HT SAU 3,0.840768847
21130091034,24 oz,SFWY CRINKLE SLICED CARROTS,0.864823278
10119052081,0.5 Oz,Bausch & Lomb Renu Contact Rewetting Drops For Soft Lenses,0.589892377
27086183151,7 Z,CHIMICHANGA VARIETY PK DON MGL,0.925736425
12073100037,10-Jun,CUT GREEN BEAN 13480,0.969423501
9800119325,6 ct,C-PRESTIGE XMAS TREE OTB     * 10.80 OZ,0.829685711
10939031518,EACH,V-STAR ANTACID & SIMETH 12Z,0.340142801
26927019925,,DM MAGNETS,0.70988001
16861875527,CD,OBITUARY - DEAD-LIVE,0.896523282
13023051195,DVD,Britannic (Special Edition),0.449241061
19014006656,,eukanuba large breed adult natural lamb&rice formula,0.412728254
27616852939,DVD,Tales Of Terror,0.335574579
14381915327,DVD,Hopalong Cassidy: Trail Dust / Borderland,0.709833155
2096000001,LB,PATE FORESTIER - M&H   8Z R.W.,0.961347334
11546177101,1 ct,S CAST IRON UMBRELLA BS BRZ,0.430487601
13120008818,8 oz,Ore-Ida Vidalia O's Onion Rings,0.837285577
16900409713,6/12Z,CAN DRY DT CRAN GINGER ALE,0.650102537
15400043342,64 OZ,WF JUICE PRUNE,0.1646596
40422633,ROLL 500,CHICKEN LABEL GARLIC,0.844382302
12333028118,,FOUNDERS 4 X 6 ANTIQUE BRASS PHOTO FRAME (C60E0023),0.856333902
4745885731,12 IN,OTB TSI PLUSH TEDDY/SHOP 41960,0.993623981
25274023067,,ARTIST,0.860343399
20673180342,,CANDLE,0.367864983
25192764820,,The Flintstones Mini DVD Disc,0.765331918
11111871847,100 fl. oz.,Wisk laundry detergent,0.371409856
17077223324,32oz,Lifeway Coffee Latte Kifir,0.139013205
25268529995,,SQUEEZE PALS,0.87190634
8811276928,CD,LEWIS RAMSEY - THE BEST OF RAMSEY LEWIS-2,0.527169804
24100263011,12 oz,SUN SPR MARIO HONEY CKIE,0.959059923
12722870144,,Generations Mega Cropper Bag,0.064153706
27242667518,,MDR-EX51LP/WHI Fontopia Headphones,0.304459176
16861845025,CD,SOUNDTRACK - RESIDENT EVIL,0.045236647
24000030577,16 oz,DM PEACHES IN RASP FLVRD GEL,0.458874725
20059101268,EACH,12 STEM ROSE,0.696984408
11110831835,,Kro Pineapple Juice 6Pk,0.83706532
14014180009,1 ct,TV GUIDE,0.985335944
11156056285,16 oz,TETLEY APPLE FREEZE TEA,0.376413802
11111065406,4.05 OZ,DOVE FACE SENS DAY LOTN,0.321981589
28000525705,24 ct,NESTLE HALLOWEEN 100 GRAND 12.50 OZ,0.169571629
18894615316,20 oz,BY CR PINEAPPLE/JCE,0.434138215
24131084067,1 ct,K 12 BEECHWOOD SPOON,0.527292013
8346075904,1.12 OZ,*SF CHOC.PEANUT BARS,0.105575664
10700066183,12 oz,*WHOPPERS EGGS,0.142421572
22627478277,,MAG,0.517099452
27084078008,,Disney Dreem Glow Pooh,0.149098851
20059121402,,*36-ROSE DUOS BQT,0.332947532
11161171225,64Z,SFINE VEGETABLE OIL,0.624965094
16500095767,EACH,OTB ALKA SELTZER HISPANIC DP,0.525047192
24292078035,12 oz,Emmber Heat & Serve Dinner Entree For Two Meat Loaf W/Roasted Tomato Sauce,0.679015244
12546626538,12 ct,*HALLS DEFENSE MULTIBLEND    * 25.00 CT,0.808049231
14000103814,,BORDEN ICE CREAM,0.822511958
11160076729,27 OZ,GU ACRYLIC FLOOR FINISH,0.895652427
11160073490,28 OZ,GU UL DISH DET GREEN,0.124280776
27084413717,10.6 ounces,Pixel Chix House Beverly Hills,0.141785579
25192023828,DVD,Beguiled,0.10503992
21500064002,4 oz,LAWRY'S GARLIC SPREAD,0.942841693
24886345055,,Jackson Auto-Darkening Welding Helmet,0.331519461
7195014874,1 ct,IDT 100 MINUTE PC 25CT 25.00 CT,0.259383858
27000483046,3.5 OZ,Orville Redenbacher's Popcorn Mini Cakes Caramel Low Fat,0.089707152
96435038,11 OZ,LE AN NOOKSACK TRAIL MIX,0.37789691
12000009884,20 fl oz,ALL SPORT (CAP) ORANGE,0.840773429
15139696,EACH,UNSN TCHAIKOVSKY CASS,0.746503186
19014013159,3 oz,IAMS CT SLCS W/BEEF GRVY,0.219667197
49044034,20oz,20 oz coca cola,0.283695107
19200750295,1.5 oz,Lysol Spray Disinfectant Soft Powder,0.430143405
13700050701,70 Ct.,Hefty CinchSak Trash Bags,0.330669603
12333022352,,NAIL POLISH REMOVER JAR  REGULAR 6oz,0.35630567
22400161006,15 oz,VO5 TEA THERA SIMPLICITY SHMP,0.489695088
90228254,,Memphis Blue Cigarets,0.598240636
12587701225,1 ct,MOD GLASH TRASH 8CS/116 UNITS 1.00 CT,0.856563922
11300563003,60 ct,SHPR SMKR FRT SNK STRAW 5.40 OZ,0.97606134
27246107201,3.53Z,FINEST HERRING CAN,0.83227469
13803008845,,Canon BCI-1201BK Black Ink Tank,0.177866071
19521330459,44.00 FO,CARAPELLI MILD OLIVE OIL,0.286147663
21200523595,"1/2"" dble pack",scotch double sided tape,0.182071395
19442104771,,202282 1CXC FULL BALL VALVE,0.45572803
15400024846,10 CT,WF HOT COCOA MX W/MM,0.277932162
14100074892,26Z,PEP FARM DIST CRKER AST MAX PK,0.229167102
9128003979,1 ct,KO MAGAZINE,0.927287003
11170043988,8 oz,LADY LEE MIXED FRUIT,0.721530398
8401000070,800mg,Seeds - Watermelon - Crimson Sweet,0.45929639
27084206104,Game,Outburst Remix!,0.757464715
24131359394,,PROF S/S FORK,0.705234113
23700513410,8.00 CT,(S)A/S MRB CHIX DRUMS*FFLFFL,0.543908992
28200488916,,BUY 6 GET 4 FREE,0.675282678
20000111971,14.5 OZ,cut green beans - Green Giant,0.577624358
11160050484,0015Z,GU PIE CRUST,0.072502814
25800025503,,Weight Watchers Smart One Bistro Selections Pizza Veggie Ultimate Crust,0.897392077
17696008074,25.20 OZ,DELIMEX TAQ FLOUR CHK & CHS,0.772021698
22775387247,,TAPE,0.11802819
12300361996,1 ct,DIRECTORS CHCE CIGS,0.161083058
17787483513,14.0Z,"CO 6""""ALL PURPOSE ITAL ROLLS",0.202187732
346316858,,3660K 14.4V DRILL DRIVER KIT,0.045767121
11150310703,5.00 OZ,RDY BEEF DOG CHEWS,0.112028872
25218928328,CD,KEYSTONE TRIO - & ALEXANDER,0.835316613
27616065964,DVD,The Hannibal Lecter Collection Giftset 3 Discs,0.822232495
13562313020,15 oz,ANNIES CHEESY RAVIOLI,0.380275154
26616071210,1 Each,"GIMINI. VHS Rewinder, model RW3500",0.324465719
7201333531,12 ct,*PERT 2IN1 SMPLY CLNS & COND 13.50 FO,0.098797526
25215623035,50 pk,CD-RW,0.406751944
416010020,,The Bootcamps - Have Mercy / Napalm - CD,0.177094761
25218930420,CD,CRAWFORD HANK - THE WORLD OF HANK CRAWFORD,0.506938593
10186762593,25 LB,Grout,0.694853174
13000006163,12.7 oz,Heinz Relish Sweet Premium,0.454339199
21908507163,9 oz,Cascadian Farm Veggie Bowl Organic Carribbean Veggies & Rice,0.303537495
11111610538,36 ct,DOVE WHITE 2-BAR SOAP 4.25 OZ,0.360521136
27086615409,7 oz,DM SOUTHWESTERN WRAP,0.572135433
19014018185,8.00 LB,IAMS CT DRY ORIG W/TUNA,0.735229486
11491976828,30 piece,Assorted Metallic Silver Binder Clips,0.717524286
11170036942,64Z,LKY/LL CRANRASPBERRY COCKTAIL,0.625327237
14431033629,CD,Aisha Kandisha's Jarring Effects - Shabeesation,0.983710394
20709002402,5 oz.,Trolli Classic Gummi Bears,0.68340478
21000010110,15.35 OZ,TACO BELL SANTE FE DNNR KIT,0.159456547
19014013111,6 oz,IMS CT CN SLCS CHK&GRV,0.796279315
16581248021,CD,YING YANG TWINS 'ME & MY BROTHER',0.668556705
21130118670,13.5 oz.,"Safeway Tortilla Chips, White Corn",0.098594843
21130092024,32 oz,SFWY 3/8 REG  CUT POTATOS,0.381307749
44223595,,Stuart Weitzman Brown suede boot,0.538928249
11300573248,12/4.75,BRA FRUIT WORMS 57324,0.802720922
5000007233,100 ct,SVN NAT VIT A 8000 IU SOFTGEL,0.135415733
18000281541,12 oz,whipped supreme frosting,0.136624459
15586673326,,Curvy Cutter Cutting Tool-,0.149081321
13023031395,DVD,Altius: Air Extreme Sports #3,0.682524116
11194395292,12 oz,S&W Cooking Sauce Southwestern Fajitas Restaurant Recipe,0.81421881
12587611234,18.00 CT,*GLAD 39GL DRW STRNG,0.206861235
15012232509,,HALLMARK,0.980985407
23968694104,14 oz Tube,Chevron FM Food Grade Grease EP,0.99351563
15961286004,4lbs,Capture Deep Cleaning Powder,0.360349325
11111320239,2 ct,*3CS SHPR LEVER 2000 BAR SOAP,0.845033241
16581120020,CD,SOUNDTRACK - TELEVISION'S GREATEST 2,0.755850793
12000204036,,12pk Pepsi Blue 12oz Cans,0.848129
22924220227,CD,AZTEC CAMERA - LOVE,0.708256118
14200000890,,CHARMS,0.706497078
9281013303,EACH,EXERCISE & HEALTHK,0.641847604
21130110223,48 oz,SFWY GEN THIN SPAG ENRICHED,0.065904922
13800104076,6 ct,RB FSR CHED BACON POTATO 36.63 OZ,0.972054105
21130795390,60 ct,SFWY ULTRA THNDPR MEGS3-79539,0.556577938
14381031720,DVD,Sin Of Nora Moran/ Prison Train,0.179964978
28000117092,13 oz,NESTLE MC NEST EGGS E-04,0.898316986
11381001234,1 ct,*CT BORM GLASSIA VINO GLASS,0.276200124
50755189,3x10ml,Marjoram Essential Oil - Disc Slow Seller,0.708784805
11160068434,5 oz,GU SLD SUPER ODOR AIR FRSH,0.557461216
200057118,1 ct,LEARNING HORIZONS EDU MAT,0.160073115
27108921679,,Yamaha HTR-5830,0.911243401
11110090003,9 oz.,Kroger Baked Potato Crisps Snack Crackers,0.493098531
26800531582,16 oz,Pasta Del Fina Thin Spaghetti,0.521240707
22653585635,1 ct,*(N)TOTES HIP CLIP UMBREL,0.67908159
11105066525,CD,FOUNTAIN PETE - THE BEST OF PETE FOUNTAIN,0.576695068
21000011995,43.50 EA,SHPR 45CS KRAFT MAC & CHEESE,0.506404791
116034609,250 G,Seachem Marine Buffer,0.061144725
7908790026,4 ct,DBL LYR CHOC CRM CHS 7'CAKE 38.00 OZ,0.401990538
46169341,1/2 3,ROUND 3 LYR 1/2 CAKE (INV),0.823657098
20000109442,12 ct,G GIANT WHOLE CORN 15.25 OZ,0.850396531
24225500305,EACH,BRTN MAGIC TRICKS ASST,0.742768095
11661035645,cassette,HARTFORD JOHN - MORNING BUGLE,0.546950042
21200528088,25.00 CT,POST-IT KIDS SKETCHBOOK,0.331237127
21600102468,,AUNTJANES SWEET MIDG,0.791685027
13803604795,,CANON VL-10LI - VIDEO LIGHT,0.979972685
26634109094,,BP76209-3 1-1/8 KNOB,0.900611721
13301627135,DVD,Wings of Glory: The Air Force Story,0.054110415
17800499484,12 oz,Purina Tender Vittles Cat Food Soft Seafood Dinners 8 Ct,0.237882972
17400100292,3.5 oz,SHP PP SCCESS BRN RICE TRL SZ,0.463779949
11110834669,8ct  NET WT 14.6 OZ,Kroger Cherry Frosted Toster Treats,0.164666979
28000654801,10 oz,*I/O NESTLE CRNCH DRK MINIATU,0.069793659
14381429121,DVD,Road To Utopia,0.505686346
8815587822,CD,BLINK 182 - FIRST DATE (ECDM),0.233788512
26635046312,,"18"""" MYLAR BALLOON",0.616515963
26297952426,CD,Tourniquet - Carry The Wounded,0.130833784
11225023347,1 lb,VT SPREAD 52% QUARTERS       *,0.627269295
27084068290,1 ct,FP LT. PEOP ANM SOUND STB,0.598516924
17623302220,CD,Thundering Rainstorm-Sounds of Nature,0.045461751
25757114343,Video Disc,Protocol**,0.018577268
15095230225,DVD,George Clinton And The P-Funk All Stars: House Of Blues,0.008649446
28016014002,,14 IN VINYL SAUCER,0.019766454
19784692684,,DKNY Black Slacks,0.155161671
12547429206,250 ml,Listerine Advanced Tarter Protection  Arctic Mint,0.616876438
11111835917,30 ct,*(N) CHOPPER/FLAME SUNGLASS 1.00 CT,0.549242418
16235104222,CD,"One Dove: ""Morning Dove White""",0.063235495
11289333512,EACH,PETITES NAIL ENAMEL PLATINUM,0.434655204
24819881209,6.25 OZ,MW SCOTT'S EMULSION ORANGE,0.851372997
24034695377,,3 LIGHT 30in.PEND OLD IRON SCAVO GLASS ( 1 units),0.873820711
23700014078,1/20 LB,MRB DRUMMETTES 1407,0.400941293
27200011285,,kool milds 100,0.12633648
24034694417,,21 LIGHT PEND DIST GILDED CRM & BULBS ( 1 units),0.744744198
25192212123,3 DVDs,"Back to the Future, The Complete Trilogy DVDs",0.380312404
12569807716,"7.5"" x 5.5"" x .5""",Movie: Syriana,0.200118087
8815597425,CD,RAYVON - 2 WAY (ECDM),0.47570681
22265240793,44.7Wx31.3Hx14D - 83.7lb,"Toshiba 47LX196 47"" Cinema Series? 1080p HD LCD TV",0.085628345
14633166293,Collector's Edition (PC),Need for Speed: Carbon,0.52290532
24335160062,16 oz (453 g),"Bearitos Refried Beans, Traditional, Organic",0.209282204
20173143359,,GIFT BAG,0.0621131
8811196929,CD,GZA/GENIUS - BENEATH THE SURFACE,0.55733722
23168095183,3.5oz,STRING CONFETTI (Funworld),0.398681682
11250344196,5 oz,sues large green salad,0.163916646
9200107809,,GIFT BAG,0.055203803
12333006338,,"SUPER H.D. PAPER PLATES 20ct/10.25"" 26pt",0.273380999
28200427304,1 ct,*PA  MARL LTS KS BX B3G2     * 200.00 CT,0.273963609
10248190036,,ELLIE MAE P/CORN,0.105500701
11132003104,13.20 OZ,ALPO LITE BEEF DINNER,0.045036139
25293770386,9 oz,*WW TOFU TOWN TAMARI TENDERS,0.395431835
11009525883,,829LB BUTTON BLACK LIGHTED,0.388264437
11545347093,,PORTAL POSTER,0.756481422
27616913241,DVD,'Whatever Happened To Aunt Alice?',0.93939787
15400025010,32 Z,WF SMALL RED BEANS,0.830884316
11246175520,,SEAFOOD SAUCE,0.031077748
19435740603,,PENCO FISH PAPWT,0.638710779
19628134493,,Page A Day Calendar,0.048763609
15400042475,80 CT,WF SOFTNR SHTS MTN F,0.37728845
27509207525,,SNAK STOP GUMMY BEARS 2.75 oz,0.373033125
10279112151,1 gal,Simple Solution Cat Spray & Urine Stain and Odor Remover,0.684264771
4777100055,,Marjorie-Jean:   Lover Come Back,0.330586196
11160156353,20 ct,GU SUPREME UNISEX LG PP549,0.811396916
12441123453,18 ct,PINE BROS THROAT DROP DSPLY,0.31972017
15400035293,20 CT,WF COFFEE SINGLES,0.949568298
9281035060,1 ct,BRUCE WAYNE,0.428379605
9200014725,1 ct,AMB HOLIDAY CARDS,0.401826406
12569706866,DVD,Gilmore Girls: The Complete Fifth Season (2005),0.683885429
12300130134,,Vantage Kings,0.740473786
11671901244,cassette,DUISIT LORRAINE & TOM ESPI - FEATHER RIVER,0.925808822
6677225340,,120 PHILLIPS,0.496329906
22700183425,LT MED,Moisture Wear Concealer,0.899347369
11671116846,cassette,KAHN SI - NEW WOOD,0.957585011
19442334710,,202268 2IPS FULL BALL VALVE,0.660377584
12333027593,,SPA ESSENCE NAIL POLISH REMOVER PADS NON ACETONE 6ct,0.747062026
11160004463,11 OZ,G.U VANILLA WAFER,0.679777008
20307529301,12 oz,FUTURO PINA COLADA MIX,0.695257134
12742016201,EACH,FINGRS BEAR NL PLSH OPAL GLTTR,0.651950868
18894115045,18 oz,BY REAL MAYO SQUEEZE/INVERT B,0.286282095
28000311056,216 CT,*E-BABY RUTH EGG SINGLES 1.00 OZ,0.100790694
11225416088,10.5 oz,VT CREAM OF MUSHROOM SOUP,0.054524935
55144766,EACH,W S TWIST RP,0.115463749
24500080140,1 ct,BLUE STAR BLADE SNGL EDGE    * 10.00 CT,0.276980286
23857713411,32 oz can,Crown Japan Drier,0.616589107
28400090063,1.25 OZ,FRITOS CHILI CHEESE,0.099892757
17051407504,,SS-750 PET FENCE CONTROLLER,0.308677487
25100000002,,Fragrant Red Cedar Book Marker,0.803226006
20824152006,,LG JAR CNDL,0.324199334
11125108014,100 ct.,Neon Flex Straws,0.97676533
11110880741,NET WT3OZ (85g),Pet Pride Gourmet Portions Chicken Dinner in Gravy food for cats,0.139892567
28647274134,,"Stickers, Camping",0.584143996
799441725,DVD,Siempre En Domingo,0.769825985
22700036110,PRL/COR,Professional Colormatch Blush Duet,0.324126886
17400108083,3.00 LB,MAHATMA LONG GRAIN RICE,0.689859063
12414401243,cassette,Backstreet Boys - Backstreet Boys,0.92535262
96990186,EACH,AMBASSADOR LABELS,0.714766412
15400581868,4 Z,WF PECAN GEMS BKG P,0.89392241
19200786263,40.00 OZ,LYSL ALL PURPSE CLNR LEMON,0.935062562
24208001126,8 IN,NR LOOFAH SCRUBBER LARGE 112,0.139981587
12236890430,VHS,Weekend at Bernie's,0.794088658
11110823342,40.00 CT,KRO CHEESE PIZZA BITES,0.450902162
27616857811,DVD,Black Caesar (Special Edition),0.85842886
18894409120,6 oz,BY PORK STUFFING MIX,0.328114037
11170032340,64Z,LL/LUCKY VEGETABLE OIL,0.124669257
11321125464,6-24 mo,Rose Cottage Infant Cuff Socks,0.790594861
18894010395,67.60 FO,BY ROOT BEER SODA,0.380904518
24286151218,15-CT,BACTIMICINA / COUGH DROPS,0.644981657
25192068829,DVD,Mystery Men,0.133582516
11225041136,12 ct,SHPR DMSTX 2PK ELCTRNC CLP ST* 2.00 CT,0.051954886
28000665005,6 ct,DIV NESCAFE FROTHE - WHT CHOC 8.47 OZ,0.869834644
27917008059,60 ct,NUTR NOW VIT PET VITA C/K,0.170075425
27426470002,,47000 PT CL ANTIQ OIL FINISH,0.610944072
9200093935,,PINK TUTU KITT FLAT WRAP,0.375762966
19100110144,7.50 OZ,JERGENS SOFT SHIMMER LTN,0.472992859
13008715555,,ARIZONA ICE COFF,0.332529276
20059187835,,*36-CUTE AS A BUG TRIO,0.58142297
18713098832,,Winds of the Wasteland VHS Tape,0.594796084
24800486291,4.50 OZ,WILDBERRY MUFFIN 96 CT,0.773967014
17800101639,3.50 LB,BENEFUL HLTHY PUPPY GROWTH,0.170579113
25400565515,8 oz,Hoffman Chunk NY Sharp Cheddar,0.144817738
21438921248,"7 1/2""""",CHEESECAKE - CHALET,0.508402545
12742011046,1 ct,ASSORTED NAIL,0.100722863
16000137349,0.9 oz,Fruit Gushers Rockin Blue Raspberry,0.087392149
21500042116,12 oz,Lawry's Marinade 30-Minute Mediterranean W/Lemon Juice,0.22904478
16165002681,32 Leaves,Juicy Jay's 1 1/4 size Blueberry Cigarette Paper,0.9845638
16000368309,3 oz,*GEN MILLS   BUGLES ORIGINALS,0.330350302
62910668,24 oz,"W 8"""" UNBAKED PUMPKIN PIE",0.297632254
24685703841,2X3 FT,JUMBO VALENTINE CARD,0.181042825
22700010080,0.36 OZ,CG THICK LASH BLACK/BRWN     *,0.846937624
12569805750,DVD,Metal: A Headbanger's Journey (Two-disc special edition),0.564683298
25262012400,7.25 OZ,RENA HUNGARIAN SALAD,0.575166996
4133126682,8 oz,mexican rice mix,0.624895451
12569136779,VHS,Rock Video Monthly: Alternative Releases October 1995,0.024096545
28200038760,1 ct,NJ CAMBRIDGE FULL FLVR 85 BX 200.00 CT,0.84946858
10608800285,101.4 oz,Old Towne Grape,0.926437884
710250009,,Tahoe Filter Kings Carton,0.265309463
11381007830,1 ct,TURNDOT 12.8OZ DESSERT 3P,0.761619949
24543108252,DVD,The Crucible,0.463965475
11113073508,.5 OZ,MENT COOL MINT TP-TRIAL SIZ,0.127274439
26602753120,1 ct,BSKT OF VGT SP RST 75-312,0.301711234
27793972604,EACH,OCEAN COUNTY,0.507966346
14633117202,,Ultima Collection,0.46997628
27242659353,3.10 lbs,Sony VAIO T150P,0.964602985
12495834558,1    EA,4PK 20OZ GLASS CANDLE,0.66968132
13023011199,DVD,Karaoke Library #12: Pioneer,0.141696589
21000671489,12.9 OZ,Kraft Easy Mac Macaroni & Cheese Dinner The Cheesiest Microwaveable Single Servings 6 Ct,0.111969994
11661204942,cassette,ADAMS JOHNNY - AFTER DARK,0.295780888
11246121350,,HONEY MUST. VIN.,0.717900136
26635033350,,MYLAR BALLOONS,0.41874373
25218704427,CD,HERMAN WOODY - BRAND NEW,0.175263396
21471299922,CD,Leonard Bernstein - Wonderful Town (2003 Broadway Revival Cast),0.287262914
17565106498,,HVLP Spray Gun,0.323156695
11661761025,CD,ROOTS RADICS - WORLD PEACE III,0.963950819
11161159889,3CT,SFINE XBTR MIC PPCRN,0.002694995
26927006758,,Mary Engelbreit miniature,0.291127687
26634500921,,BP1425-3 1-1/2 SOLID BRAS KNOB,0.066405913
11150541091,12    OZ,RDY ORANGE JUICE,0.889961901
670360459,45 Ct,Maalox Antacid Quick Dissolve Regular Strength Wild Berry Chewable Tablets,0.668901591
18111205597,DVD,Pot O' Gold (Delta Entertainment),0.72893737
23452080024,25 FL. OZ.,Yu Yee Brand Chinese Cooking Wine,0.15278109
10174804014,1 ct,DELAWARE BAY CHART,0.755440256
15400017800,10 Z,WF OLIVES MANZ STUFF,0.93890247
16000531826,15 ct,DR$20BC BISQUICK BKGMIX32CSMO 40.00 OZ,0.075105193
27371361219,12 Inch,Mulberry Taper Candle,0.715595853
28572801535,EACH,APLAS STOWAY PINT BTL GRN,0.129273755
25192055720,DVD,October Sky,0.897665154
22700055449,0.13 OZ,CG CC LIPSTK CD PICKMEUP PINK,0.661344886
18894407324,32.00 FO,BY CIDER VINEGAR,0.87124812
22136082897,4 oz,CRANBERRIES DRIED,0.669061473
22700071388,0.27 OZ,CG WTSLCKS LPSTK CD PEACHSNGL,0.039615713
24800485140,5.50 OZ,LOW FAT BLUEBERRY MUFFIN  96CT,0.407368976
27242600737,,SONY ICDB5 - DIGITAL VOICE RECORDER,0.282251293
11150058612,12    OZ,HEATABLE ARTICHOKE ASIAGO DIP,0.781686999
16017007611,15 Pcs,Tramontina Cutlery Set With Block,0.167961786
27616534231,VHS,Little Women (1949),0.658765182
12300132138,,Vantage Menthol King,0.36783794
28000520816,23.00 OZ,NESTLE ASORTED MINIATURES,0.628020709
2207100996,128.00 OZ,PURE POWER WINDSHIELD WASH FL,0.966663764
23942944799,,"Vinil CD-R, 3 Pack",0.235483962
18400312715,4    OZ,HB FRENCH VANILLA CAPPUCINO,0.792015141
26200182902,1.75 OZ,SLIM JIM BEEF JERKY,0.60749867
19148507425,CD,"MOONEY, JOHN - ALL I WANT",0.348106356
28067078275,1.00 EA,SS DOUBLE JIGGER,0.997887256
2998647908,,deks,0.267432888
10199110602,25 sheets,"Office Depot Brilliant Matte Professional Photo Paper (Inkjet, 10.25 mil/thickness, acid-free)",0.389961172
24543002543,,The X Files DVD Season 1,0.712856831
15400001373,12 OZ,WF JUICE APPLE COCKT,0.001797392
26000098311,,P9831 1/4PT NAT WOOD FILLER,0.360061062
1380010115,,STOUFFERS #3,0.705063972
26359265921,DVD,Carnivale - The Complete Second Season,0.99988324
17082110244,3.25 oz (92g),Jack Link's Peppered Beef Steak Nuggets,0.736454257
11546147913,1 ct,*(N)FEB SM.HAVANA CHEST,0.090497879
28776616065,4 PC,OTB WICKER FURNITURE SET 3 CLR,0.478238741
9200058644,1 ct,Greeting Card,0.15265802
11661309623,CD,WAINWRIGHT LOUDON III - I'M ALRIGHT,0.107681642
11169220246,,WAKEFIELDS,0.565434113
11213064673,6 oz (170g),Chunk Light Tuna in Water,0.390073944
24300041044,,APPLE FLIPS,0.100329948
11251012223,3.10 OZ,CHUNG'S VEG EGG ROLL8101,0.332943255
28400012553,1.4oz,Miss Vickie's Jalapeno Potato Chips,0.824868978
21130091003,14 oz,SFWAY PEPPER STRIPS,0.367542395
9300000123,12 oz,MT. OLIVE SWT MIDGETS,0.608570025
24000117933,15.25 OZ,MOD 51CS DEL MONTE FRUIT,0.302660431
1940435,1 ct,8'ETHNIC HOSIERY CENTER RACK,0.507420083
17817282833,,BOSE LIFESTYLE-28 - HOME ENT. SYSTEM,0.610229044
21900065678,EACH,TOMS HOT FRIES,0.183712173
20059105716,,*36-MOTHERS PRIDE BQT,0.194468514
200060224,1 ct,COUNTING BEARS IN BAG,0.415587856
21130412242,10.00 LB,*SFWY CAT LTTR UNSCENTED,0.977221106
25000001390,202.50 FO,HI C  ASEPTIC VARIETY PACK,0.428751543
10405007412,1 LT,EL GALLITO WATER,0.240327826
24200048099,128.00 OZ,TREND LAUNDRY DET-LIQUID,0.99876104
19148800229,CD,VARIOUS ARTISTS (COLLECTIONS) - BLIND PIG: PRIME CHOPS 2,0.440193176
11161122135,14Z,SFINE SPINACH,0.006188243
14800712490,24 fl. oz.,Grandma's Original Molasses,0.985041339
13800143914,6oz,Yummy Frozen Sandwhichs,0.003719922
8040080402,12 ct,I/O WRIG HOL STRPE BUBL TAPE 7.00 CT,0.929041492
11170020422,16 oz,LKY/LL FUDGE FROSTING,0.629299062
10700531124,10 oz,MILK DUDS CANDY MILK CHOC CRTN,0.043672523
18894301707,16 oz,BY MEDIUM CREAM 30170,0.084545332
9200199460,EACH,THANK YOU NO,0.37877441
14381967227,DVD,Strange Woman / Moon Over Harlem: Edgar Ulmer Collection #1 (Image),0.140505618
27616887559,DVD,Carrie (2002),0.242600059
28800134336,17.5 OZ,HAN PORK & BEANS BONUS,0.144044973
11194362447,16 oz,S&W Tomatoes Peeled Whole,0.970907306
18208096114,,18208096114,0.005570271
15000025564,2 ct,GERB NUK ORTHO NIPPLES,0.672591212
11891930246,DVD,Classic TV Cowboy Collector's Edition,0.734736188
28200201232,200 ct,*CA-MARL MNTH KIT B2G1 20123*,0.926735557
24100122615,1.5 OZ (43g),Cheez-It Baked Snack Crackers,0.618182277
25997013147,,01-314 14 PIPE WRENCH,0.175665579
24300090011,16 oz,HEARTLAND ORIGINAL GRANOLA,0.888853074
23272302207,,INDIANA JONES and the FATE OF ATLANTIS,0.3784806
11170033286,12 Z,LUCKY HONEY ROASTED PEANUTS,0.924319909
26521306247,EACH,12CT PTTE DMND BOWS,0.594334174
10271348480,MINI,VIVID PERFUME MINI,0.961945042
943714309,6 ct,DOLE SPRING MIX (K) 5.00 OZ,0.822381177
27200002450,200 ct,*TN-(D)RALEIGH EX LT KING  PA,0.085488755
15233093231,,1-1/4X2-1/4X8 SHOERAIL,0.795967847
28634100019,"Serrated 4.5""",Smith and Wesson Knives,0.721107568
20342204591,6 ct,Safeway Bakery Counter Butter Tarts,0.464841685
24700046045,16.00 EA,LUXURY SPAGHETTI,0.598218024
22635140562,12 oz,VITA MARINATED SALMON,0.66728764
23700595898,25.00 OZ,TYSON CNTR FLT 254081-910,0.908864259
18964057121,CD,HAKMOUN HASSAN & ADAM RUDO - GIFT OF THE GNAWA,0.735837948
24292029051,8 oz,Emmber Turkey Breast Mesquite Sliced & Cooked,0.311008947
25274336976,EACH,METAL EDGE,0.120076239
18713810335,DVD,White Palace,0.802438463
11161107088,15Z,SFINE FUIT CKTL XCHE,0.779215584
10591521327,,SOAP SAVER,0.477153177
12547339413,1 ct,LIST PKTMIST TMF FS,0.678723752
16063001403,EACH,#14 OLD SMOKEY,0.870358127
27000413036,14 oz,M-SNKPK VAN/CHOC FF 12PK PDNG,0.478581498
21718411032,60 gr.,Bambu Instant Swiss Coffee Substitute,0.608739722
20824332644,,CALM CANDLE,0.465637414
799423721,DVD,5 Fighters From Shaolin,0.075575832
3501184644,,Kodak Picture CD,0.2032938
12236123507,DVD,Novocaine (Special Edition),0.397359692
14800646665,1 gal,HAWAIIAN PUNCH LEMON BERRY SQUEEZE,0.364602033
25725070855,EACH,GOAL BALL/TWO STICK SET,0.45212095
20066777487,,7774 SP CHESTNUT BROWN,0.39131132
24543182757,DVD,Elektra (Full Screen Edition),0.260263999
13339761702,1 ct,PLACEMAT CHILI BTTLE,0.948266446
11170045869,2 LITER,LUCKY DIET LEMON-LIME UP,0.463314019
11162112166,20 oz,Mrs. Paul's Select Cuts Shrimp Stir Fry,0.838090433
14614564940,XL (40 B/C),Bra,0.694445546
1857000021,,PINATAS,0.273190716
12300227131,,Monarch F/F Kings,0.072981146
12569515925,DVD,Little Women (1933),0.467258461
8811088620,CD,FOUR ACES - GREATEST HITS,0.557392819
24200047078,120.00 FO,*PRX FRE'CLR BN 120 LQD,0.402824374
8421040063,1 ct,TY Beanie Babies,0.779914968
8925380979,,42-100 FLUSH TRIM BIT,0.046659028
26748989735,,989731 OILBSE APPLICATOR REFIL,0.160620001
49265613,240g,Kagome salsa jar,0.197112862
10086610369,,Phantasy Star Online I&2 Plus Gamecube,0.530756818
10591721000,,WARDROBE HOOK,0.982578259
12333027159,42 wipes 5.5 x 7.o in,FLUSHABLE WIPES w/ALOE,0.819277355
10859266045,EACH,OTB BARBIE WATCH PWRWNG DSPL,0.307060297
4696187540,10.5 oz,GENUARDI STUFFED CHEESE S,0.887570204
25079004957,Each,Paperback,0.374799486
10700578013,12 oz,*GOOD N PLNTY SNK SZ,0.535500724
18111191227,,Tranquil Moods Longbox 2 CD Set,0.756571761
10163422557,,Premium Ultra 2500 Watt Generator,0.419789676
25997431194,,43-119 16 E-Z READ TAPE RULE,0.01565891
27084301083,1 ct,DINO EASTER EGGS,0.753924494
14633167658,DVD,The Simpsons Game XBOX 360,0.51390745
25484000100,14oz (397g),"Nasoya Organic Tofu, Firm",0.83594356
20418201035,,T7606001 3/8 SNAP,0.680179573
21130294558,9 oz.,Safeway brand Spicy Bean Dip with Jalapeno Peppers,0.26939638
12871511127,,"1/2"" BLACK PLUG",0.366048321
11160679517,32OZ,GU LEMON SHERBET,0.099379346
11160093887,32 oz,GU GRAPE JELLY,0.384415461
14633147162,GameCube,James Bond 007: Everything or Nothing,0.287984122
21130081714,1.75 QT,LUCERN IC RANCH PECAN,0.404538726
28485060074,Video Disc,Butterfly,0.94652062
18894409328,46.00 FO,BY NECTAR CAN,0.705524263
13130060516,2.8 oz,Nab Ban Nut Brd Shpr,0.617251538
27242573079,,SONY ICFCD513 - AM/FM/CD CLOCK RADIO,0.006174445
12027642415,,80-6424 1G CLEAR BASE COAT,0.830956221
12333101811,,LEND A HAND 5 FUNCTION SPRINKLER,0.283822551
11546162459,,*9'WOOD MARKET UMBRELLA RIB/R,0.687349352
11461003288,EACH,NCR IJ RFLL CANON BC-0BLACK,0.378616461
9800146048,4CT,FERRO RAFFELLO,0.743830562
27426409101,,40910 PT SATIN POLY WIPE ON,0.104637637
23481444026,EACH,EBONE L/M TOASTY TAN,0.295086339
14381570625,DVD,Treasure Island (1997/ Image),0.660467027
15901023232,10.00 LB,BAR-S HONEY GLAZED HAM,0.343630681
22473319540,8xI,"StickOnLetters by Geosign (metallic silver) (1"" helvitica)",0.158891308
18397730059,BL-5,Blue Ribbon Semi-Custom Car Cover,0.255233102
20126900848,,WILSON 1000 CB & Amateur Antenna 10 & 11 Meter,0.823401286
21300500434,15 oz,*LIBBY PEACHES IN LIGHT SYRUP,0.665355701
27321507247,"3/4"" (19MM)",La Petite Button #724 3-count 'guaranteed washable',0.913250165
11110390844,1 ct,A/S HLDY HAM DINNER *F4L,0.542687954
28000126247,7.50 OZ,NESTLE FLIPZ WHITE HOLIDAY,0.034400287
21000619290,12 ct,KRAFT YELLOW AMERICAN SLICE 12.00 OZ,0.673849498
17801019445,,F40DX 48 FLUORESCENT BULB,0.470459494
25700763123,19.00 CT,ZIPLOC DBL GRD FRZR GAL 40%MO*,0.549128753
25192870224,,Land of the Dead (Unrated Director's Cut/Widescreen),0.410482363
21995264000,1 ct,*ICICLES 500 ASSORTMENT,0.090004386
19200773355,4 ct,RESOLVE HIGH TRAFFIC GRANULES 18.00 FO,0.970970059
26528073371,,BEVNAPKIN,0.167524295
28400092692,2.25oz/63.7g,Grandma's Vanilla mini cookies,0.776866511
26602184061,8 PK,TROP FISH SWIZZLE STICK,0.447142903
24327996716,81 Pages,UniversalMap Large Print US Road Atlas,0.936302531
20824853224,3 IN,AROLINA COL CANDLE HYACINTH,0.681634888
11491155193,,PAPER,0.145235274
25837001624,TXBL-Y,COMPASS MAPS/ASST./ 2.50,0.726327561
21706767875,8 oz,8 OZ STUFFED PORTABELLA,0.033399904
24131815401,1 ct,FW OVERSIZED SPAGH FORK BLACK,0.87845589
11156057022,67.6 FL,TETLEY SPLASH ICED TEA,0.485215242
25217020863,1 ct,2IN1 DOLL STROLLER,0.574747796
21130784653,,"Safeway Select Potassium Gluconate 550 mg, 100 tablets",0.071500195
23545005262,10 oz,LAFE BEEF PARTY EMPAN,0.178701248
14633407624,,Command And Conquer 3: Tiberium Wars,0.791216576
28042001632,15/1 LB,SSF BLK.PEP.SMK.SSG.163,0.546011174
16017264533,"28"" Overall/22"" Blade",Tramontina Machete Model TT522 w/ Black Plastic Handle from Brazil,0.4092501
14381090024,DVD,Woody Herman Remembered,0.006985941
8236848915,,"XL -1/4"" Thread 1/2 Pin",0.409648732
12333100500,,ALKALINE BATTERIES D 2pk,0.65384961
11110854025,5 lb,Kroger All Purpose Enriched Bleached Flour,0.468958563
17457525338,40x30,Haggar Black Label Microfiber Slacks,0.715592545
15834001758,GAL,GERLANDS 1/2% L/F MILK,0.316819084
24721429124,,42912 3/4 FORSTNER BIT,0.761987565
416000519,,Steve Barta - Blue River - CD - 1995,0.255426082
25343212385,,"C 2 PK 5-7 14"" SCCR TUBE BLK",0.7310522
11111026230,1 ct,(N)DISNEY PICTURE FRAMES,0.607378238
27616858610,DVD,Death Warrant,0.691438081
27616858979,DVD,Lion In Winter (MGM/UA),0.591398462
27755310055,,OfficeMax Standard 26/6 Staples,0.910629059
13262234403,M (7/8),"Shirt, Pink, S/S, Girls'",0.771322774
24000017394,14.5 OZ,Del Monte Tomatoes Diced Peeled Seasoned W/Green Pepper & Onion,0.16170485
22700093915,.30 OZ,CG CC BLUSH NAT/GLOW,0.540327411
16000502789,4.75 oz,Gardettos Garlic Rye Chips,0.589354128
12900008154,40 ct,*SB36060 MINI ANGEL FOOD 12.00 CT,0.483733988
12414408921,CD,Rednex - Sex & Violins,0.317037807
11661762947,cassette,MELODIANS THE - SWING & DINE,0.450076808
3950513941,,CASTOR-OIL,0.000230869
20626715492,,StarCraft,0.089661333
11160092484,24 ct,"GU DEC PAPER PLATES 10.25""""",0.201228193
12236122999,DVD,On Golden Pond (Special Edition)/ Sophie's Choice (Special Edition),0.020883964
22400194851,21.75Z,VO5 NORMAL SHAMPOO B,0.339641573
14005201263,,APPET SNACKS,0.885816886
11160085189,16.OZ,GU ROTELLE,0.06678658
14381565720,DVD,Werther: Massenet,0.071302266
25192249723,DVD,Firestarter 2: Rekindled (Universal),0.684196848
27242605008,,25 pack CD-R,0.398435369
23400034581,9 oz,RENZ AERO AFTER'RAIN,0.05654644
24000117636,12 ct,DM ITALIAN GREEN BEANS 14.50 OZ,0.802507462
22624000808,,80 16OZ BLACK STOVE PAINT,0.890706621
9112024256,7 oz.,HBH Flake Frenzy Cichlid Flakes with ChromaColor,0.44542952
732157393,DVD,Interactive Mind Teazzer: Kobe Tai,0.520598429
11170036676,10Z,LUCKY FANCY WHOLE CASHEWS,0.740772957
22769401232,Shipping Weight: 1.0000 p,Ultra ULT40123 MD3 Media Dashboard,0.354921092
20692007521,15 oz,Monterey Pasta Co. Meat Sauce Gourmet,0.449449057
10700158673,12.40 OZ,C-JLY RNCHR LOLLIPOP         *,0.423049927
24131900671,, SILICONE GRABBER PLAIN BLACK,0.902008558
8888681090,CDROM,Uru: Ages Beyond Myst,0.242708055
14000005255,16 oz,BORDEN WHIPPING CREAM,0.071806616
11661153127,CD,RICE TONY UNIT - DEVLIN,0.107246471
25101303027,CD,Valerie & Walter Crockett: Unbutton Your Heart,0.898689075
13000795326,12 oz,M-BSTN MKT GRAVY BEEF,0.443742909
22078095047,,CAP-95 QT NON-F CONTACT CEMENT,0.499830409
13800142375,,Stouffers Roasted Pork,0.0320526
11822373036,,Rite Aid Blue Gel,0.330139891
16698749886,,MAGELLAN HAT,0.466228962
25743150546,1 ct,"SHPR 40""20SQ FT CELLO WRAP",0.30576289
19014106202,20 lbs.,Iams Kitten Food,0.627371559
13023234697,,Lunar Legend Tsukihime Vol. 1 w/ Artbox,0.305907725
11111322110,1 ct,*(N)LORETA MD BK CHAIR WH,0.638637385
15400020589,24 Z,WF CORN FLAKES,0.697715573
20059176648,,*36-HONEYSUCKLE BOUQUET #4,0.371693458
25415241251,24 IN,OTB GARY DLX SNOWBROOM SCRAPER,0.053020635
25700011439,12 ct,ZPLOC JUMBO STORAGE BAG,0.413537723
23579000127,2.5 OZ (70g),Miami Spice Ground Allspice,0.607123474
11110879356,16 oz,KRO GRDN BLND COUNTRY MIX,0.992695294
1000002995,12 FL OZ,Super Giant Cream Soda,0.206913378
19442153298,,1/4X4 BLACK NIPPLE,0.035178383
16000683273,1 ct,M-BC HLWN FRT SNK SHPR       *,0.241825915
7880405154,64 oz,SH SC RND VAN /ORANGE,0.108182371
22787606749,EACH,COSMI 4000 PHOTOS JEWEL CSE,0.757290367
19100110113,8 oz,JERGENS SHEA BUTTER LOTION,0.385237914
10700702036,6 Z,LEAF SIXLETS BAG,0.631466218
14083567336,,Die Entfuhrung aus dem Serail - KV 384 - WOLFGANG AMADELUS MOZART (1756-1790),0.095569325
21009252054,6x250g,Mitoku Brown Rice Mochi Original,0.8802986
22600223597,9 oz,NAIR LTN RASPBERRY,0.566822346
7880702420,32.00 FO,SH FF BTRMILK-CHATT,0.699443148
21500042048,12 oz,LAWRY LEMON PEPPER MARINADE,0.493352405
11161155508,1.5Z,SFINE MEATLOAF-BAG,0.455626534
26602110084,1 ct,BARTNDR PRNG KNIFE 11-000,0.994918021
22100001572,18/12 oz,Pabst Blue Ribbon Beer,0.196431703
27995600077,EACH,PO SNGLSES ABC SPORT PREMIUM,0.047767132
14608586507,EACH,JR HALLOWEEN CARDED BLOOD,0.165692285
17800614405,10 oz,T Bonz Dog Snack Chewy Steak & Egg,0.39361701
15000049317,2.5 OZ,Gerber 1st Foods Baby Food Applesauce,0.284774366
24543001058,DVD,Beneath the Planet of the Apes,0.27360275
200056920,1 ct,L. H. WORD BUILDER,0.48425464
20418183058,,0143326 3/16BK PRF COIL CHAIN,0.986415831
11671003344,cassette,NIGHTHAWKS - LIVE IN EUROPE,0.424089487
11132070359,22 oz,ALPO PRIME CUTS CHICKEN & RICE,0.146366109
16900043511,6/16Z,CAN DRY G ALE 6PK NR WRAP,0.473518239
27084245301,1.00 SH,FISHER PRICE SWT STR MINI SET,0.684999693
19474020100,100% Kanekalon,Black Fever Hair Extension,0.882450496
21200523809,"3/4"" x 1296""",Staples invisible tape 1 pack,0.924462446
16000686137,1 oz,*SHPR 18CS GEN MILL RDY CRL M,0.528196596
11111008946,200 ct,*TN-MAVERICK SPEC 100 PK,0.527700649
18200433818,18 ct,MICHELOB LIGHT Bottles,0.557258763
24034669255,,1 LIGHT BLK TAPERED HEX ( 6 units),0.831689271
15851113052,EACH,GRAVEL PEACH,0.628515869
416001349,,3 Beam Circus - Various Artists - CD,0.151672694
26634081772,,BP9342-HP VEGGIEZ TOMATO KNOB,0.29236598
11300037160,16 oz,M-BRACH'S MALTS,0.314506358
27134881145,,101 QT SMOOTH PERMANENT PATCH,0.15989771
11381004372,1 ct,BORMIOLI 3-BOUQUET GREEN,0.884440796
27434012829,100 ct,TWIN LAB TRUE HRB CAYNN HERBL,0.059803071
16351041692,DVD,The Best of the Uncle Floyd Show,0.433010951
16000876507,40 OZ,CHEERIOS 20OZ BANDED PK,0.01169446
27242223240,,Sony Mini CD-R 10 Pack,0.18150452
9002067,1000.00 EA,CLEAR PRODUCE TRAYS,0.358206445
26800001771,24 oz,American Beauty Vermicelli,0.308959345
11264007995,,BOOK,0.886138888
8811158521,CD,WOMACK LEE ANN - LEE ANN WOMACK,0.25158845
21400754775,12 ct,FORMULA SHELL SAE 5W20 32.00 FO,0.847550809
11150506533,1.00 EA,RDY LITE BLUEBRY YOGURT,0.41218372
13286338170,75.00 SF,"36"" 75SF WRAP JAMES HEARNE",0.649863597
27084041828,,"Pixter Software, Princesses",0.956429484
11300744341,7.50 OZ,BRACH STAR BRITES SPEARMINT,0.562104056
6200452250,12/9oz,Schneider H. T Chicken Caesar,0.755666559
14633121926,CDROM,Dungeon Keeper 2 (Jewel Case),0.297677397
26359134838,VHS,"Rebound - The Legend of Earl ""The Goat"" Manigault",0.6457298
26392065236,12 PC,OTB TSI CHP/DP RLSH TRY 37313,0.245437357
25398441198,1 ct,*ALLY 2PC HOSTESS SET,0.251121492
27084489989,,disney princess horse and carriage with prince & princess dolls from KOHLS,0.606207745
24131784325,1 ct,HOAN.CHROME WNG CORKSCREW,0.022894223
16581638044,cassette,VARIOUS ARTISTS - SHAKE WHAT YOUR MAMA GAVE,0.925387828
55286411,6 ct,MUFFINS DOUBLE CHOC CHIP-TELCO,0.089102518
13023163294,DVD,ECW: Best Of Dudley Boyz (Old Version),0.893826975
17000071732,12 oz,DIAL EXFOLIATNG.BWASH,0.752647308
11150557382,13.75 OZ,RDY HMSTY WAFFLE,0.185196588
8275000060,20 oz. (1 lb 4 oz) 567 g,All Natural Joe-Joe's (Chocolate with Vanilla Bean Cream),0.569626926
10592110728,CD,Frank Yankovic - An Evening at Yankovic's,0.862948261
25932741357,50 sheets,"Tops 3""x5"" Notebook",0.428548532
9200113817,,FLAT WRAP,0.017409182
16500051077,,Alka Seltzer,0.985291547
2705002655,1 ct,KFC BUCKET W/LID 10# 21060,0.266381104
11661951648,cassette,JOHNSON LUTHER HOUSEROCKER - IT'S GOOD TO ME,0.156977521
28000237769,67.50 FO,LIBBY    JCY JC SLM PK PUNCH *,0.131684436
491902692,,GB Micro 256MB PC133 SDRAM,0.623339077
12000104510,6.5 FLoZ 192 mL,Starbucks: DoubleShot Expresso,0.95340484
27084221374,1.00 EA,FISHER PRICE RED KNGHTS & BRDG,0.464783981
50509669,6x30caps,Neutrataste Taste Free Sp - Disc Slow Seller,0.375394689
13131092998,DVD,Halloween (Limited Special Edition & TV Version),0.533741179
26235035105,Octopus,Non Licensed Mylar Octo,0.47914377
11291025054,,QN CITY HOT BEEF MET,0.093174613
12300119122,1 ct,WVA WINSTON LIGHTS BX (12M) 200.00 CT,0.594881254
7121225855,64 fl oz,RIP IT ATOMIC POM 4PK,0.278639961
27616902221,DVD,Persona,0.61204302
24543057574,VHS,William Shakespeare's Romeo & Juliet,0.60584277
9200022386,1 ct,FLAT WRAP,0.570169938
24543002604,,Anna and the King,0.17729344
3848510014,1 ct,THUM 137-8579,0.140811415
21130067336,15 oz,*DELICNTR OFASH COLE SLAW,0.564994642
21130073412,2 lb,"Cottage Cheese, Fat Free, Lucerne",0.950616179
23700015877,1 ct,TYSON CHICKEN NUGGETS,0.131619468
26000103046,4 oz,OTB ELMERS SCHOOL GLUE BOTTLE,0.020441506
20005902697,3 liters,Riga Pomace Oil,0.000712808
14381580624,DVD,Marc Chagall,0.163215497
23572420694,"5 1/2"" X 8 1/2""",Franklin Covey Genuine Leather Binder - Black - Classic Size - Style Number 754575,0.615603293
14500039026,8.25 OZ,FRSHLK FRNCH STYL GRN BEANS,0.997339534
28000232702,2.80 OZ,NESTLE MOUSSE-MOCHA,0.639312487
11111872844,80 CT,SHP WISK MIXED HALF PALLET   * 100.00 OZ,0.956083465
9200005105,,BOW,0.969773775
9200110311,,FLAT WRAP,0.477239184
18397006604,4 ct,*JUICE XPLOSION BERRY 8.00 FO,0.753547914
346324495,,3107DVS 5RANDOM ORBIT SANDER,0.322898608
28000138998,,PEARSONS NIPS,0.812586835
416006863,,Sara Craig - Miss Rocket - CD,0.057276263
12000012037,20oz,Aquafina Flavor Splash Raspberry,0.352911258
24543473091,Video Disc,"View to a Kill, A (2)**",0.873825624
22876327944,,JAKKS Licensed Art Studio Assortment,0.769827592
26753014620,1 ct,S HYDRO X WATER GUN BLASTER,0.687338202
12562649825,,PIONEER DVR-106D,0.646299792
11381007793,1 ct,TURANDOT 7.5OZ WINE 3PK,0.695934375
15400004183,16 Z,WF SWISS CHEESE CUTS,0.58932661
28274006177,2.75 OZ,*MEOW MIX MARKET SLCT BEEF,0.370015151
11289333253,EACH,PETITES NAIL ENAMEL MLD MULBRY,0.457217755
28533030042,48 FL,RICHMAN ROUND VAN/CHOC,0.131130329
27084403299,1 ct,S FP GO DIEGO TALK RESC BELT,0.049980011
21130250219,16 oz,SFWY DARK SUGAR,0.834325831
13803038590,9334A006,Canon Sureshot 150 U  35MM,0.200024787
16000827608,14 CT,*GM APPLE/CINN CHERRIOS-8276 21.00 OZ,0.205435921
17452409329,32 oz,B&V GREEN BEAN CASSEROLE,0.766445107
18926002657,Each,Paperback Book,0.469031828
11110868480,100 bags (1.15 Mil),Kroger snap n seal sandwich bags,0.735599542
27997009960,6 cu. ft,poly wheelbarrow,0.808556912
11161117933,48Z,SFINE CRANRASP CKTL,0.86527951
16351802422,,"Christine Lavin, Shining my Flashlight on the Moon, Compact Disk",0.807799828
13388220205,Sega Saturn,Street Fighter Alpha 2,0.02579671
11661027145,cassette,MCCUTCHEON JOHN - WHAT IT'S LIKE,0.440392515
25268200207,5 IN,OTB TSI HWLN SQZ PALS AST41781,0.003576671
27084191660,1 ct,BRB FSHN FEVER CLOSET AST,0.749067933
40408873,ROLL 500,RING ON SERVICE DELI KEY,0.366275231
23269260077,64.0Z,J&JBUTTER PECAN,0.943823549
9281020967,1 ct,ESTATES,0.917079877
11160083161,72 OZ,GU BURGER&CHEESE DOG FD,0.683025199
20066770181,,7701 SP CRYSTAL CLEAR,0.426669404
15286274618,,TT7455CP LED FLASHLIGHT,0.171301657
50234097,50g,Whitworths Chopped Mixed Nuts,0.071652183
14633161595,CDROM,The Harry Potter Collection,0.736825443
89790236,M175,B&D 5 SPEED HAND MIXER,0.329916079
11170906177,60 ct,SAVON BANDAGE PLASTIC ASSORTED,0.103850723
16000146594,25.5g,Sunkist Mixed Fruit Snacks Package,0.647331791
28377312663,400 Watt w/USB Port,Cobra CPI 475 - Power Inverter,0.344775333
18759405014,EACH,SALT & PEPPER SHAKER,0.463372886
27434029810,1x60caps,Ripped Fuel,0.774665576
12233132427,DVD,Edgar Allan Poe:Journey in Verse,0.202633704
14381217520,DVD,Flesh and Lace / Passion in Hot Hollows (Something Weird),0.289128439
9800124053,11.90 OZ,C-ROCHER GIFT BOX CUBE,0.836370966
12300284523,1 ct,*CT CAMEL CREMA 200.00 CT,0.396191379
28485050341,Video Disc,Amityville 3-D*,0.884703278
19450070006,,Flintstones Collector Edition Volume 12,0.691808274
24131723577,144 CT,SHPR NUTCRACKER          M05 1.00 CT,0.534449553
21406490509,50 ct,LEGATRIN TABLETS,0.054661882
416005149,,Brian Dickinson - Live At The Senator - CD,0.439682106
22110000015,.9 oz,Reed's Butterscotch candies (roll),0.293181943
22600958208,,TROJAN SHARED SENSAT,0.300250534
9200007291,,BOW,0.915329664
11138002842,,4410GEN 1 POLYOLEFIN BRUSH,0.244568225
20824512268,,CAROLINA CANDLE,0.184586685
12495339954,,*HALLOWEEN PMPKN CANDLE 3IN,0.177471302
4486602338,1 lb,FileMaker Pro 4.0 (Mac),0.172262311
21000623228,8 oz,KRAFT DELI DELUXE PEP JACK,0.65051952
15000004149,4 oz,Gerber 2nd Foods Baby Food Mixed Vegetables,0.486989519
25218302326,CD,BRUCE LENNY - ORIGINALS VOLUME 1,0.991449693
8811171124,CD,KING B B - DEUCES WILD,0.560009553
26245906723,CD,Ozric Tentacles - Spirals In Hyperspace,0.841833469
14381067729,DVD,S.O.S. Titanic,0.754551836
16000161825,13.9 OZ (394g),General Mills Lucky Charms Frosted Toasted Oat Cereal With Marshmallows,0.007951857
11661804029,CD,KENNEDY SHARON - IRISH FOLK TALES FOR CHILD,0.511569132
12546302937,12 Pieces,Dentyne Ice Avalanche Mint,0.301196721
11160059043,6.OZ,GU TUNA CHUNK LT/WATER,0.095273286
21978715031,9.00 OZ,FLVR SHKR ONION POWDER 103294,0.428235794
25545403192,,40319 OVAL MACH HAMMER HANDLE,0.636237361
2939087,LB,DECKER MESQUITE SAUSAGE,0.988346625
94130164,330ml,Export gold (Beer),0.120128918
21285006631,,AMANA MUSTRD,0.970022616
16000168725,15.75 OZ,CHEX MX MLTI TRADITIONAL,0.389627031
17249237081,265 ml,L'oreal Kids Orange Mango Shampoo,0.430522452
28400149952,2.125,ROLD GOLD FF THIN TWISTS,0.952006943
25315248756,10 oz,Marie Sharp's Fiery Hot Sauce,0.212754055
22900003608,,TOY,0.208158565
12223604750,DVD,Capricorn One (WS),0.068049244
40423210,SMALL,CHKN ROASTER-SM  W/HIGH DOME,0.778010773
27557503884,,Lutron Maestro Dimmer,0.157478749
17500905063,1 EACH,Handybar Mobility Aid by Garden Weasel,0.974136755
20972385608,1.00 EA,#PORTABL GAS GRILL W/CASE,0.997927237
8811174521,CD,CHER & SONNY & CHER - GREATEST HITS-REMASTERED,0.864540607
12926030726,1 lb,GUSTO CLASSIC HAM,0.897604706
22700008933,1    EA,CG UNC SMTH LIP CHAMP    893,0.193754943
20569020615,2.50 OZ,RAW CHOC RING,0.108967251
28377906084,2 Radios & Chrg,Cobra GMRS/FRS 2 Way Radios PR3175-2 WX EVP,0.720360735
26282906632,,906-63-6 16/20/25GAL VAC BAG,0.957676117
21908507170,,MADRASCURR,0.92411975
22367443580,5 gal,"Glidden Pro Paint, Dover SW White, Semi-gloss Latex",0.201464668
24327993654,EACH,KOR LARGE PRINT ATLAS,0.996706642
11105023320,CD,Diana Krall - Love Scenes,0.437340806
15400058100,6 0Z,WF ONIONS FR FRD CRI,0.84073268
12000092404,,ALL SPORT 64OZ,0.375228173
14302898876,,MAG,0.912643953
18964040420,CD,SMITH MICHAEL - MICHAEL SMITH (1986) / LOV,0.376922654
11105082228,CD,BASIE COUNT & HIS ORCHESTR - STRAIGHT AHEAD,0.296400758
23899005758,,130096 8JC SM ENGINE SPARKPLUG,0.041986288
12587700419,12/12 CT,GLAD STAND ZIP QUART,0.594656339
20356482626,5 ct,DVD-R 4.7 GB 4x,0.852158199
28776450010,SMALL,OTB GB LND WCKR BKST WHT/NAT,0.204665927
9300000109,8 FL,MT OLIVE DILL RELISH,0.480539206
12300120005,1 ct,CT MNRCH MEN 100 SFT LGT FTR 200.00 CT,0.526338363
25806026153,,Emerson PD6810 Portable CD Boom Box Boombox,0.060188492
24721100542,,47413 13/16 AUGER BIT,0.322559689
23942433248,700MB,Verbatim 48x CD-R - Printable surface,0.511607379
11661957626,CD,PERSUASIONS - SINCERELY,0.002285924
25025451019,,DGS-50 GROUT SAW DISPOSABLE,0.544976597
11141005878,101.4 FL,MC SPRING WTR .5LT/6PK,0.522016592
24200083021,300 Fl. Oz. (8.87L),PUREX MOUNTAIN BREEZE Laundry Detergent - plastic jug,0.289428141
11233083180,22 oz,TABLE TALK BLUEBERRY PIE,0.997742515
27077010237,EACH,"8"""" FLAT MILL FILE W/HANDLE",0.084114496
27084020380,,Fisher Price Little People Gas 'n Go,0.849009298
9281012436,,MAG,0.443661799
4700062771,68.00 LB,BEEF BOTTOM ROUND FLAT,0.491484356
7447104032,book,cooking light,0.792486025
10290008440,,HALLMARK,0.484860756
18111011723,CD,Lightnin' Hopkins - Lightnin's Love,0.974803728
21130251568,1.00 LT,SFWY SELTZER WATER WILD CHERR,0.956381
16000355002,01000C,"Betty Crocker Fruit Rollup, Cherry",0.727360785
10892454041,,Martex Luxor Bath Rug - Contour,0.166815495
14381048926,DVD,Fantasies #5,0.464531852
12236122005,DVD,Road Dogz (Special Edition),0.634122773
11170013837,20 ct,LUCKY TRASH BAGS 33 GALLON,0.241973452
21200595578,,Post-It Flags,0.54858327
18397000985,20 FL OZ,Twin Mountain Spring Water,0.397838241
21130457120,11 oz,Safeway Decaffeinated Whole Bean Colombian Coffee,0.954508415
23100011240,5.5 oz,WHSKS SALMON DNR,0.759137278
24543021520,DVD,Diehard with a Vengeance,0.436241092
26281017032,,2-Piece Expand-A-Shelf,0.613065732
8615522443,,bell & feeder,0.008083223
20575007006,1 ct,PNR KITCHEN CLEAN UP,0.631269667
12546036023,12/CT,CINN A BURST BONUS PK,0.955511671
21709950038,,SLFOM19 SP GLASS CLEANER,0.552166292
17276970364,box/100,"Bandages, fingertip",0.36211364
16000180499,15.30 OZ,BC COOKBOOK FAV CHKN MARSALA,0.850011732
14717110624,,11062 WATER HEATER DIP TUBE,0.419498542
2089867,EACH,BAKE DEPARTMENT TAXABLE,0.346419468
11160014424,10.4Z,GU BLUEBERRY FRUIT/GRAIN BA,0.121267183
200057187,1 ct,L.H. WIPE OFF CRAYONS,0.848556838
16291441170,1.60 OZ,M & B GROUND CLOVES,0.498630631
14381637922,DVD,Golden Age Of Rock And Roll: Great Performances / Legendary Ladies,0.496246839
24034690839,,2 LIGHT CEILING COZML GLD FRST GL ( 4 units),0.468277725
7423160083,,men suit,0.269646036
21709110753,,PF-753 3 PACK 4 HOUR FOGGER,0.218692799
18894131175,1 ct, BIG Y TOTE BOX,0.821789657
7147579062,,"58-6.5""LAVENDAR TOPIARY    GE",0.615900882
21130520015,26oz (737g),Iodized Salt,0.459129422
16165000663,50 Leaves,Juicy Jay's 1 1/4 size Fudge Cigarette Papers,0.769384791
810018240,24 ct,Actifed Cold & Allergy Medicine Full Prescription Strength Tablets,0.574157111
24543427001,,"Eragon, DVD Video (NTSC)",0.016749878
5366668086,60 SOFTGEL CAPLSULES,RUGBY CHROMIUM PICOLINATE 200 MCG,0.724030269
26000006545,,PAINT PENS,0.193871482
16000319004,14 oz,Chex Mix Snack Mix Cheddar Family Size,0.073684875
21130040360,12 oz,LUCERNE CHS WHT CHD,0.200737445
8817001821,CD,MAVERICKS THE - TRAMPOLINE,0.932986176
416012123,,Bannlust - Auxilled - CD,0.383683884
11819960201,20OZ,ALEX LEMONADE GRIFFEN,0.327999657
23700013934,1 ct,TY 8PC CKN PORT MRB SVRY 1393,0.077476779
20735125083,64 oz,TURK HILL YOG TIN ROOF SUN,0.30111186
19293276511,,Gothic Urn Table Lamp,0.951611484
10086013078,,Phantasy Star IV (Sega Genesis),0.540227308
23942946359,50ct,DataLifePlus CD-RECORDABLE/INKJET PRINTABLE SURFACE,0.219117342
28200522207,1 ct,WVA PARL LT 100 RCB B1G1F 200.00 CT,0.546861917
10572063440,,GONZO DASH WIPE,0.104396752
27467050041,EACH,KD SAFETY CABINET LOCK 5004BF,0.054917637
16497448102,Medium,Arctic Zone Cooler,0.186789357
15400037594,3.53OZ,WF VAPO COLDS MEDICI,0.830590417
19045105427,20 FL OZ,Curel Ultra Healing Lotion,0.161782093
16800716072,540 cubic inch,Hickory Chunks,0.503193272
22924414022,CD,"KUNZE, HEINZ RUDOLF - EINE FORM VON GEWALT",0.137732543
13308555561,1128 PC,OTB KNGBRG DLLR DY LXR PRG PL,0.151103723
15300450165,10.3 OZ,RICE-A-RONI CHICKEN,0.174140478
20626715089,CDROM,Half-Life Gunman (Jewel Case),0.556592258
22200940047,2.25 OZ,MENNEN SPEED STICK MUSK,0.670734676
10306101127,,Carpet Trowl,0.241327374
9800008292,24 ct,TIC TAC CITRUS SNGLS 0.62 OZ,0.311856983
23637011508,10 oz,CANDY STORE GUMMY BEARS,0.762872399
27084223866,,Megaman NT Warrior CrossFusion,0.540661156
18771947721,SACD,"ROLLING STONES, THE - AFTERMATH UK (REMASTERED)",0.106053349
12546632607,12 ct,HALLS DFNS SF VIT C ASST CTRS 25.00 CT,0.725005225
18777375627,CD,They Might Be Giants - Holidayland,0.753141976
9469438485,XL & WHITE,RALPH LAUREN V NECK XL T-SHIRT,0.925159789
11223001064,12 oz,BORDO DICED DATES,0.760672172
21130047192,32 oz,LUCERNE CHSE SHRED MONT JACK,0.921956377
21908133324,14oz,Cascadian Farms Flakes,0.757377322
24034674105,,3 LIGHT WALL BRKT COZML GOLD ALBSTR GLASS ( 4 units),0.36439416
26169012340,,LANCER COLGN SPRAY,0.925847679
13000001540,680 Gram,Salsa de Tomate Ketchip,0.613872577
23602042094,4X6 IN,PNR MIN PHT ALBM 36 PKT HC-146,0.293051259
15645166080,EACH,US POSTAGE STAMPS H,0.433665143
24500663411,5 Pack,Utility Blades,0.898079927
10995001289,12 oz,*FREEDS CHOC CUPCAKES PINK/YE,0.904285364
24721028853,Stud finder,Strait-Line Wall Scanner 150,0.056415786
10562033149,1 ct,*OUR KIDS SIDEWALK BUNNY CHAL 24.00 CT,0.101819594
4339605349,,Seinfeld Season 3,0.767691384
14381537321,DVD,Mr. Ace,0.710145758
19200747615,12 ct,LYSOL CONT ACTN BOWL CLNR,0.8418662
11161104438,,S/F SPONGE 2PACK,0.65982463
20666425108,EACH,CINSA #10 LADLE B/ENAMEL,0.319655705
22891002994,DVD,Eddie Cochran: At Town Hall Party (Music Video Distributors),0.223605713
26392026398,16 oz,ACTIVIA LT RASPBRY 4PK,0.315601136
18506001117,,Mosquito Dunks 20pk,0.03695202
26253707268,EACH,LAZY BABY BEANABLERR,0.834168526
14381580525,DVD,Jasper Johns: Ideas In Paint,0.333093909
11194370589,12 ct,S&W READY CUT TOM 28.00 OZ,0.814132491
28200425805,1 ct,*CT MARL FF BOX BUY2G-CD 200.00 CT,0.635139352
17565105163,,Air Grease Gun (pistol type),0.656551099
21130341061,15 oz,SFWY CHILI BEANS MEX STYLE,0.610945787
11661017849,cassette,GRISMAN DAVID & ANDY STATM - MANDOLIN ABSTRACTIONS,0.857510114
10129064012,12 oz,VP BROCCOLI BITES 12OZ       *,0.585136936
11225421754,32 oz,VT PICKLE DILL HAMBURGER SLIC,0.170099299
26521170893,EACH,OTB BRWCK HOL CURL SWRIL ASST,0.677394389
11661360921,CD,VARIOUS ARTISTS - REGGAE'S GREATEST HITS 9,0.015621608
27077040609,EACH,3 PC BUNGEE STRAPS,0.747563578
28042001298,15/1 LB,SSF SMKD.SAUS. MILD 129,0.249873078
11110971531,28 oz,Crispy Chicken Breast Strips Fritter Style,0.78647103
16698774451,EA,GIRL S BLK/JEWEL SKI GLOVE,0.927536535
24000011859,SL/JUICE,Del Monte Pineapple Sliced In Its Own Juice,0.969012774
15794049838,1x60caps,Joint And Muscle Relief F - Disc Slow Seller,0.493084465
17458943605,35 x 29,Haggar Comfort-Fit Slacks,0.470367228
27371201539,,20OZ. JAR CNTRY GRVE CANDLE,0.085582763
25725135646,,FRANKLIN BAT GLOVE MENS,0.592035118
18103322981,75 Sheets,Staples  5 in X 3 in notebook,0.172899456
21625893020,1 pc.  (made in USA),AC Delco Horn Kit   D1978D / 89046917  [GR. 12.810],0.469248816
13760209101,20 ct,WINCHESTER LTL CIGAR FF,0.221603963
15012751550,10pk,Hallmark All-Occasion Thankypu Notes,0.957839937
22286853958,,fetch and oaf box set,0.791374239
18713830951,DVD,Little Princess (1939)/ Royal Wedding (Goodtimes),0.050855835
24543016595,DVD,Tigerland,0.904604319
24000034704,,Del Monte Zesty Tomatoes with Green Chiles,0.22814904
23386660125,,1127 1-1/4 2-HOLE STRAP,0.353092313
26102539743,EACH,DRD WORKING GLASS BOWL,0.659239353
13300500248,7.60 OZ,MRTH WHT WHL GRN BAN NUT MFFN,0.991659693
21000076970,,CHEDDAR,0.32498378
7195934523,10 ct,VIRGIN $50 PC 10CT,0.641899251
18894240723,13.20 OZ,BY DOG FOOD-BEEF CHUNKS,0.692287553
27084228571,1.00 EA,MATTEL JUSTICE LEAGUE FIGURE,0.504745456
20173128578,,BAG,0.124550981
27242200623,,SONY AUDIO TAPE,0.331912872
11225421198,16 oz,VT CRANBERY SAUCE JELLIED,0.117421388
26487870097,,moistener (for envelopes),0.240745158
416006511,,Jeen OBrien - Cant get it out of my head - CD,0.32152393
12414153326,CD,Aaliyah - Age Ain't Nothing But a Number,0.063004804
11152205984,7Z,HIME TSUBO UME - PICKLED PLUM,0.986741725
11661750449,cassette,VARIOUS ARTISTS - A DEE-JAY EXPLOSION IN A D,0.606721548
21130862092,12 ct,SFWY CLEAN ALL SPONGES HANDY 4.00 CT,0.079706467
28400015547,11 oz (311.8 g),Doitos Spicier Nacho Flavored Tortilla Chips - Export Pack,0.78432915
12300111362,,Winston Lights King,0.248193802
8717604368,,Beachcomber (VHS),0.027901568
25954100309,2.50 OZ,THANKSGIVING BLEND,0.295389039
25193070425,DVD,The Bourne Supremacy (2004/The Collector Series Widescreen),0.259240015
21130420162,13.20 OZ,SFWY PRIO DG FD TRKY RICE VE,0.121414277
11160048825,8.0OZ,GU WH AMER SL IND WRAP,0.306832062
19066041223,15Z,SONOMA SALSA VERDE,0.607567149
19600046202,6.51 oz,Celeste Pizza For One Sausage & Pepperoni,0.717382954
18964007621,CD,MANDINGO GRIOT SOCIETY - MANDINGO GRIOT SOCIETY,0.915565627
13700897207,10 ct,SHP HFTY 1-ZIP QRT HLWN GLO B,0.467312759
12333015620,,FABRIC  BANDAGES STERILE asst 20ct,0.916000481
23547222049,,SUSHI GINGER,0.496853428
9128477930,EACH,TASTE OF HOME,0.727511655
10163050026,,Pulse & Sport Generator Covers,0.145402474
20824856768,,TEALITE CANDLES,0.572776325
888878180,5lbs,Blue Kickball Microphone,0.855512506
11170020439,16 oz,LKY ARTFICLLY FLAV VAN FRSTING,0.90164653
14381938029,DVD,Synergy: Visions Of Vibe,0.025965187
25211450246,cassette,FOGERTY JOHN - THE BLUE RIDGE RANGERS,0.045465106
16000296015,12 ct,M-LUCKY CHARMS CERAL CUPS 1.70 OZ,0.520146775
20356386306,2 ct,TDK mini-DV casette,0.62449704
10684132355,EA,MINI TWO WAY ACTION,0.722723393
24739800007,8 oz,Shore Lunch Original Jerky Seasoning Kit,0.150008079
2939445,LB,CHAPPEL HILL SMK SAUSAGE,0.179072946
10900033114,24 ct,RYNLDS MINI FOIL BAKING CUPS 48.00 CT,0.879632495
22925471840,cassette,BLUE RODEO - OUTSKIRTS,0.506385219
11150052764,14.75 OZ,RDY RED SOCKEYE SALMON,0.534937139
11545328023,,PORTAL,0.658873476
28572703440,4 CUP,POP-TOPS SQUARE 3EACH 4-CUP,0.141375924
11150723817,30    1N,RDY ANTIBACTRL BANDAGES 72381,0.596554613
11110797162,,24 exp. film 100 speed,0.874901042
12547427356,1 L,Listerine Mouthwash Cool Mint Antiseptic,0.493980888
21300149305,15 oz,Libby's Peaches & Pears Tropical Duet In Light Syrup Chunky Cut,0.678739136
23906714109,,SPRING WATER,0.384383829
450838703,70.00 CT,TYLENOL ARTHRITIS CP,0.759683597
25725046218,EACH,GO JAC BASEBALL GLOVE,0.971513743
23611880014,8 oz,SHANNON IRHS BACON,0.527299414